{
  "sharpe_ratio": 2.0433957892857864,
  "rr_secured": 2.0,
  "avg_stop_size": 7.683084272244892,
  "ev": 0.3984095372059663,
  "ev_dollar": 2.0970398172778295,
  "avg_r_per_win": 2.0,
  "avg_r_per_loss": -1.0,
  "avg_r_all": 0.39840953720596634,
  "max_dd": -0.0033484150898371434,
  "avg_dd": -0.00030371048625839797,
  "recovery_time": 9,
  "avg_win_direction": 45.309232148192415,
  "avg_loss_direction": 45.047348237810766,
  "risk_of_ruin": 3.1667802598923553,
  "win_loss_distribution": {
    "<-3R": 0,
    "-2:-3R": 0,
    "-1:-2R": 0,
    "0:-1R": 38333,
    "0:1R": 0,
    "1:2R": 0,
    "2:3R": 33470,
    ">3R": 0
  },
  "pnl_by_hour_est": {
    "0": 3162.75,
    "1": 4590.25,
    "2": 5209.5,
    "3": 8345.0,
    "4": 6915.5,
    "5": 4769.75,
    "6": 6633.5,
    "7": 4389.25,
    "8": 6117.25,
    "9": 13888.75,
    "10": 11845.75,
    "11": 11381.25,
    "12": 9317.0,
    "13": 8995.25,
    "14": 7433.25,
    "15": 10853.25,
    "16": 4018.0,
    "18": 2512.0,
    "19": 4235.5,
    "20": 5814.75,
    "21": 4187.75,
    "22": 3585.5,
    "23": 2373.0
  },
  "pnl_by_day": {
    "Monday": 30428.75,
    "Tuesday": 31881.25,
    "Wednesday": 29373.5,
    "Thursday": 31493.0,
    "Friday": 24851.75,
    "Sunday": 2545.5
  }
}